Country 	Year	co2 consumption	Coal Consumption	Population
Argentina	2000	140000000	646000	37100000
Argentina	2001	129000000	529000	37500000
Argentina	2002	81700000	394000	37900000
Argentina	2003	112000000	481000	38300000
Argentina	2004	133000000	819000	38700000
Argentina	2005	140000000	943000	39100000
Argentina	2006	150000000	853000	39500000
Argentina	2007	156000000	1230000	39900000
Argentina	2008	172000000	1510000	40300000
Argentina	2009	157000000	827000	40700000
Argentina	2010	172000000	1160000	41100000
Argentina	2011	189000000	1260000	41500000
Argentina	2012	189000000	1180000	42000000
Argentina	2013	198000000	1280000	42400000
Argentina	2014	184000000	1370000	42800000
Argentina	2015	199000000	1360000	43300000
Argentina	2016	186000000	1050000	43700000
Argentina	2017	190000000	1080000	44100000
Argentina	2018	175000000	1180000	44400000
Argentina	2019	166000000	546000	44700000
Australia	2000	289000000	50900000	19000000
Australia	2001	297000000	50400000	19200000
Australia	2002	316000000	51500000	19500000
Australia	2003	333000000	53000000	19700000
Australia	2004	343000000	55200000	19900000
Australia	2005	342000000	54900000	20200000
Australia	2006	354000000	56400000	20500000
Australia	2007	366000000	55900000	20800000
Australia	2008	362000000	58200000	21200000
Australia	2009	393000000	56300000	21700000
Australia	2010	394000000	52200000	22000000
Australia	2011	392000000	50900000	22400000
Australia	2012	400000000	47700000	22700000
Australia	2013	378000000	45200000	23100000
Australia	2014	379000000	44900000	23500000
Australia	2015	380000000	46500000	23800000
Australia	2016	370000000	46400000	24200000
Australia	2017	376000000	44800000	24600000
Australia	2018	363000000	44100000	25000000
Australia	2019	361000000	42600000	25400000
Austria	2000	91300000	3650000	8010000
Austria	2001	95900000	3770000	8040000
Austria	2002	94500000	3830000	8080000
Austria	2003	100000000	4090000	8120000
Austria	2004	104000000	4000000	8170000
Austria	2005	106000000	3990000	8230000
Austria	2006	109000000	3990000	8270000
Austria	2007	105000000	3860000	8290000
Austria	2008	103000000	3810000	8320000
Austria	2009	94700000	2870000	8340000
Austria	2010	101000000	3380000	8360000
Austria	2011	103000000	3470000	8390000
Austria	2012	99100000	3220000	8430000
Austria	2013	94400000	3280000	8480000
Austria	2014	95200000	3000000	8550000
Austria	2015	88700000	3240000	8640000
Austria	2016	92200000	3010000	8740000
Austria	2017	91500000	3120000	8800000
Austria	2018	90900000	2860000	8840000
Austria	2019	88900000	3010000	8880000
Azerbaijan	2000	23500000	0	8190000
Azerbaijan	2001	25300000	3000	8280000
Azerbaijan	2002	30800000	2000	8370000
Azerbaijan	2003	34000000	3000	8460000
Azerbaijan	2004	40300000	920	8560000
Azerbaijan	2005	35200000	3220	8660000
Azerbaijan	2006	39800000	3220	8760000
Azerbaijan	2007	30700000	4930	8880000
Azerbaijan	2008	35200000	3700	9000000
Azerbaijan	2009	32100000	3700	9120000
Azerbaijan	2010	30600000	5550	9240000
Azerbaijan	2011	32200000	4930	9360000
Azerbaijan	2012	35600000	3700	9490000
Azerbaijan	2013	36300000	3080	9610000
Azerbaijan	2014	37200000	1850	9740000
Azerbaijan	2015	37000000	3080	9860000
Azerbaijan	2016	35500000	1230	9980000
Azerbaijan	2017	34200000	1230	10100000
Azerbaijan	2018	35300000	1230	10200000
Azerbaijan	2019	37800000	1230	10200000
Bangladesh	2000	25400000	330000	129000000
Bangladesh	2001	29200000	350000	132000000
Bangladesh	2002	30600000	365000	134000000
Bangladesh	2003	34100000	349000	137000000
Bangladesh	2004	36500000	350000	139000000
Bangladesh	2005	38400000	718000	141000000
Bangladesh	2006	41200000	1090000	143000000
Bangladesh	2007	41900000	890000	144000000
Bangladesh	2008	44300000	937000	145000000
Bangladesh	2009	48300000	1170000	147000000
Bangladesh	2010	52400000	746000	148000000
Bangladesh	2011	53500000	1110000	150000000
Bangladesh	2012	60900000	916000	152000000
Bangladesh	2013	60300000	1270000	154000000
Bangladesh	2014	104000000	801000	156000000
Bangladesh	2015	72200000	2670000	158000000
Bangladesh	2016	112000000	1970000	160000000
Bangladesh	2017	121000000	2140000	162000000
Bangladesh	2018	127000000	2440000	164000000
Bangladesh	2019	137000000	3450000	166000000
Belarus	2000	41700000	995000	10300000
Belarus	2001	39000000	714000	10200000
Belarus	2002	38900000	674000	10100000
Belarus	2003	40400000	634000	10100000
Belarus	2004	41500000	621000	10000000
Belarus	2005	42800000	686000	9940000
Belarus	2006	46600000	614000	9870000
Belarus	2007	49100000	695000	9830000
Belarus	2008	51800000	648000	9790000
Belarus	2009	56100000	617000	9760000
Belarus	2010	61400000	646000	9730000
Belarus	2011	50800000	775000	9710000
Belarus	2012	63200000	791000	9690000
Belarus	2013	66000000	840000	9690000
Belarus	2014	62600000	833000	9690000
Belarus	2015	59700000	741000	9700000
Belarus	2016	58400000	814000	9710000
Belarus	2017	59400000	842000	9710000
Belarus	2018	63000000	884000	9700000
Belarus	2019	62600000	943000	9670000
Belgium	2000	188000000	7630000	10300000
Belgium	2001	188000000	7260000	10300000
Belgium	2002	192000000	6230000	10400000
Belgium	2003	205000000	6020000	10400000
Belgium	2004	217000000	5600000	10500000
Belgium	2005	225000000	5150000	10500000
Belgium	2006	225000000	5080000	10600000
Belgium	2007	234000000	4640000	10700000
Belgium	2008	233000000	4580000	10700000
Belgium	2009	200000000	2950000	10800000
Belgium	2010	215000000	3750000	10900000
Belgium	2011	218000000	3530000	11000000
Belgium	2012	209000000	3320000	11000000
Belgium	2013	209000000	3520000	11100000
Belgium	2014	212000000	3360000	11200000
Belgium	2015	207000000	3380000	11200000
Belgium	2016	207000000	3200000	11300000
Belgium	2017	200000000	3140000	11400000
Belgium	2018	207000000	3110000	11400000
Belgium	2019	200000000	3050000	11500000
Brazil	2000	347000000	13000000	176000000
Brazil	2001	340000000	12800000	178000000
Brazil	2002	329000000	12400000	180000000
Brazil	2003	322000000	12800000	183000000
Brazil	2004	334000000	13500000	185000000
Brazil	2005	348000000	13000000	187000000
Brazil	2006	357000000	12800000	189000000
Brazil	2007	392000000	13600000	191000000
Brazil	2008	442000000	13800000	193000000
Brazil	2009	412000000	11100000	195000000
Brazil	2010	484000000	14500000	196000000
Brazil	2011	518000000	15400000	198000000
Brazil	2012	552000000	15300000	200000000
Brazil	2013	589000000	16500000	202000000
Brazil	2014	610000000	17500000	203000000
Brazil	2015	546000000	17600000	205000000
Brazil	2016	485000000	15900000	207000000
Brazil	2017	496000000	16800000	209000000
Brazil	2018	475000000	16600000	210000000
Brazil	2019	475000000	15700000	212000000
Bulgaria	2000	42200000	6290000	8100000
Bulgaria	2001	45200000	7170000	8030000
Bulgaria	2002	43100000	6610000	7970000
Bulgaria	2003	46100000	7400000	7920000
Bulgaria	2004	45600000	7070000	7870000
Bulgaria	2005	48300000	6920000	7820000
Bulgaria	2006	50700000	7030000	7770000
Bulgaria	2007	53800000	7910000	7720000
Bulgaria	2008	54700000	7540000	7670000
Bulgaria	2009	44800000	6350000	7630000
Bulgaria	2010	44800000	6880000	7590000
Bulgaria	2011	46900000	8090000	7540000
Bulgaria	2012	43900000	6920000	7490000
Bulgaria	2013	38100000	5940000	7430000
Bulgaria	2014	38900000	6350000	7370000
Bulgaria	2015	40500000	6560000	7310000
Bulgaria	2016	39500000	5690000	7250000
Bulgaria	2017	41000000	6100000	7180000
Bulgaria	2018	40600000	5460000	7120000
Bulgaria	2019	39500000	4980000	7050000
Canada	2000	577000000	30600000	30700000
Canada	2001	556000000	31800000	31000000
Canada	2002	579000000	32000000	31300000
Canada	2003	574000000	31900000	31600000
Canada	2004	581000000	30000000	31900000
Canada	2005	606000000	30100000	32200000
Canada	2006	573000000	29200000	32500000
Canada	2007	597000000	30300000	32900000
Canada	2008	581000000	29400000	33200000
Canada	2009	573000000	23500000	33600000
Canada	2010	605000000	24800000	34000000
Canada	2011	599000000	22200000	34300000
Canada	2012	577000000	21100000	34700000
Canada	2013	577000000	20800000	35100000
Canada	2014	558000000	19600000	35400000
Canada	2015	541000000	19900000	35700000
Canada	2016	521000000	18700000	36100000
Canada	2017	528000000	18600000	36600000
Canada	2018	530000000	15500000	37000000
Canada	2019	525000000	13300000	37500000
Chile	2000	58700000	3210000	15400000
Chile	2001	52900000	2520000	15500000
Chile	2002	55800000	2540000	15700000
Chile	2003	53500000	2430000	15900000
Chile	2004	56900000	2810000	16000000
Chile	2005	60700000	2760000	16200000
Chile	2006	63800000	3440000	16300000
Chile	2007	70100000	4090000	16500000
Chile	2008	80000000	4370000	16700000
Chile	2009	63900000	3990000	16800000
Chile	2010	73400000	4490000	17000000
Chile	2011	84100000	5760000	17200000
Chile	2012	88200000	6720000	17300000
Chile	2013	89400000	7550000	17500000
Chile	2014	82700000	7610000	17700000
Chile	2015	85800000	7310000	17900000
Chile	2016	87000000	7420000	18100000
Chile	2017	87700000	7710000	18400000
Chile	2018	91800000	7440000	18700000
Chile	2019	96800000	6800000	19000000
China	2000	3240000000	706000000	1260000000
China	2001	3330000000	743000000	1270000000
China	2002	3640000000	814000000	1280000000
China	2003	4040000000	970000000	1290000000
China	2004	4300000000	1130000000	1300000000
China	2005	4690000000	1320000000	1300000000
China	2006	5100000000	1450000000	1310000000
China	2007	5520000000	1580000000	1320000000
China	2008	5940000000	1610000000	1330000000
China	2009	6690000000	1690000000	1340000000
China	2010	7300000000	1750000000	1350000000
China	2011	8100000000	1900000000	1360000000
China	2012	8460000000	1930000000	1370000000
China	2013	8680000000	1970000000	1380000000
China	2014	8780000000	1950000000	1390000000
China	2015	8830000000	1910000000	1390000000
China	2016	8820000000	1890000000	1400000000
China	2017	9100000000	1890000000	1410000000
China	2018	9570000000	1910000000	1420000000
China	2019	9900000000	1950000000	1420000000
Colombia	2000	54300000	2700000	39200000
Colombia	2001	54600000	2660000	39800000
Colombia	2002	55200000	2190000	40500000
Colombia	2003	57200000	2430000	41100000
Colombia	2004	56700000	2120000	41600000
Colombia	2005	63200000	1340000	42200000
Colombia	2006	68200000	3810000	42800000
Colombia	2007	71300000	3360000	43300000
Colombia	2008	76500000	4440000	43800000
Colombia	2009	79000000	4080000	44300000
Colombia	2010	85200000	4810000	44800000
Colombia	2011	87700000	3890000	45300000
Colombia	2012	94200000	4690000	45800000
Colombia	2013	101000000	5050000	46200000
Colombia	2014	131000000	5350000	46700000
Colombia	2015	125000000	4970000	47100000
Colombia	2016	128000000	5460000	47600000
Colombia	2017	107000000	4160000	48400000
Colombia	2018	108000000	3780000	49300000
Colombia	2019	117000000	6160000	50200000
Croatia		21500000	432000	4550000
Croatia	2001	24400000	481000	4510000
Croatia	2002	26200000	584000	4480000
Croatia	2003	25200000	650000	4460000
Croatia	2004	25800000	690000	4440000
Croatia	2005	25800000	684000	4430000
Croatia	2006	28200000	635000	4420000
Croatia	2007	29500000	689000	4410000
Croatia	2008	33500000	709000	4390000
Croatia	2009	25500000	507000	4380000
Croatia	2010	24100000	683000	4370000
Croatia	2011	23100000	703000	4350000
Croatia	2012	23400000	630000	4330000
Croatia	2013	23400000	675000	4310000
Croatia	2014	19000000	647000	4280000
Croatia	2015	21400000	606000	4250000
Croatia	2016	22500000	651000	4220000
Croatia	2017	21900000	392000	4190000
Croatia	2018	24200000	365000	4160000
Croatia	2019	23400000	432000	4130000
Cyprus	2000	7560000	36000	948000
Cyprus	2001	7730000	53000	965000
Cyprus	2002	8220000	44000	982000
Cyprus	2003	8460000	44000	1000000
Cyprus	2004	9210000	44000	1020000
Cyprus	2005	9580000	44000	1040000
Cyprus	2006	9810000	30200	1060000
Cyprus	2007	10700000	27400	1070000
Cyprus	2008	11700000	22400	1090000
Cyprus	2009	8670000	11900	1110000
Cyprus	2010	8590000	14700	1130000
Cyprus	2011	8300000	6890	1150000
Cyprus	2012	8120000	240	1160000
Cyprus	2013	6480000	240	1170000
Cyprus	2014	7070000	2220	1180000
Cyprus	2015	6670000	3330	1190000
Cyprus	2016	6850000	444	1200000
Cyprus	2017	7790000	2980	1210000
Cyprus	2018	7860000	13600	1220000
Cyprus	2019	7660000	16700	1230000
Czech Republic	2000	120000000	21200000	10200000
Czech Republic	2001	121000000	20800000	10200000
Czech Republic	2002	124000000	20400000	10200000
Czech Republic	2003	120000000	20800000	10200000
Czech Republic	2004	115000000	20800000	10300000
Czech Republic	2005	110000000	20100000	10300000
Czech Republic	2006	115000000	20800000	10300000
Czech Republic	2007	121000000	20800000	10300000
Czech Republic	2008	124000000	19700000	10400000
Czech Republic	2009	114000000	18200000	10400000
Czech Republic	2010	120000000	18800000	10500000
Czech Republic	2011	115000000	18500000	10500000
Czech Republic	2012	110000000	17700000	10500000
Czech Republic	2013	108000000	16900000	10500000
Czech Republic	2014	102000000	16400000	10500000
Czech Republic	2015	104000000	16300000	10500000
Czech Republic	2016	105000000	16400000	10500000
Czech Republic	2017	110000000	15600000	10500000
Czech Republic	2018	113000000	15500000	10500000
Czech Republic	2019	109000000	14400000	10500000
Denmark	2000	65200000	3970000	5340000
Denmark	2001	66000000	4200000	5360000
Denmark	2002	66100000	4200000	5380000
Denmark	2003	67300000	5730000	5400000
Denmark	2004	70000000	4390000	5420000
Denmark	2005	66500000	3710000	5440000
Denmark	2006	72200000	5630000	5460000
Denmark	2007	69800000	4650000	5480000
Denmark	2008	68000000	4100000	5500000
Denmark	2009	62000000	4030000	5530000
Denmark	2010	62100000	3830000	5550000
Denmark	2011	59600000	3240000	5580000
Denmark	2012	52600000	2470000	5600000
Denmark	2013	52100000	3240000	5630000
Denmark	2014	50800000	2630000	5650000
Denmark	2015	49000000	1730000	5680000
Denmark	2016	49400000	2090000	5710000
Denmark	2017	49100000	1570000	5740000
Denmark	2018	50000000	1600000	5770000
Denmark	2019	46200000	928000	5800000
Ecuador	2000	19500000	0	12600000
Ecuador	2001	24200000	0	12800000
Ecuador	2002	26800000	0	13100000
Ecuador	2003	28600000	0	13300000
Ecuador	2004	30800000	0	13500000
Ecuador	2005	32600000	0	13800000
Ecuador	2006	33700000	0	14000000
Ecuador	2007	38200000	0	14300000
Ecuador	2008	35400000	0	14500000
Ecuador	2009	36600000	0	14700000
Ecuador	2010	39300000	0	15000000
Ecuador	2011	42800000	0	15200000
Ecuador	2012	42300000	0	15500000
Ecuador	2013	45400000	0	15700000
Ecuador	2014	49200000	0	16000000
Ecuador	2015	47100000	0	16200000
Ecuador	2016	43700000	0	16400000
Ecuador	2017	45500000	0	16700000
Ecuador	2018	45000000	0	17000000
Ecuador	2019	46700000	0	17300000
Egypt	2000	136000000	869000	71400000
Egypt	2001	120000000	765000	72900000
Egypt	2002	120000000	820000	74400000
Egypt	2003	134000000	851000	76000000
Egypt	2004	130000000	870000	77500000
Egypt	2005	147000000	851000	79100000
Egypt	2006	156000000	851000	80600000
Egypt	2007	170000000	774000	82200000
Egypt	2008	180000000	696000	83800000
Egypt	2009	196000000	619000	85500000
Egypt	2010	200000000	464000	87300000
Egypt	2011	210000000	441000	89200000
Egypt	2012	220000000	391000	91200000
Egypt	2013	213000000	386000	93400000
Egypt	2014	239000000	389000	95600000
Egypt	2015	246000000	821000	97700000
Egypt	2016	259000000	1250000	99800000
Egypt	2017	254000000	1210000	102000000
Egypt	2018	241000000	2150000	104000000
Egypt	2019	252000000	1990000	106000000
Estonia	2000	20200000	2830000	1400000
Estonia	2001	18800000	2790000	1390000
Estonia	2002	19700000	2720000	1380000
Estonia	2003	20600000	3150000	1370000
Estonia	2004	20700000	3230000	1360000
Estonia	2005	19200000	3090000	1350000
Estonia	2006	21100000	2930000	1350000
Estonia	2007	21100000	3530000	1340000
Estonia	2008	17400000	3360000	1340000
Estonia	2009	14000000	3050000	1330000
Estonia	2010	17200000	3910000	1330000
Estonia	2011	19500000	4170000	1330000
Estonia	2012	17500000	3900000	1320000
Estonia	2013	17100000	4190000	1320000
Estonia	2014	17200000	4230000	1310000
Estonia	2015	18000000	3820000	1310000
Estonia	2016	16500000	3860000	1320000
Estonia	2017	16800000	4260000	1320000
Estonia	2018	17900000	4760000	1320000
Estonia	2019	14600000	3370000	1330000
Finland	2000	78600000	5020000	5180000
Finland	2001	80800000	6060000	5190000
Finland	2002	81100000	6590000	5200000
Finland	2003	89000000	8220000	5210000
Finland	2004	85000000	7380000	5230000
Finland	2005	80400000	4740000	5250000
Finland	2006	89200000	7410000	5270000
Finland	2007	88300000	7000000	5290000
Finland	2008	82300000	5330000	5310000
Finland	2009	69500000	5370000	5340000
Finland	2010	82200000	6790000	5360000
Finland	2011	70400000	5510000	5390000
Finland	2012	67500000	4510000	5410000
Finland	2013	66200000	4990000	5440000
Finland	2014	61300000	4470000	5460000
Finland	2015	54800000	3820000	5480000
Finland	2016	56800000	4370000	5500000
Finland	2017	55100000	4000000	5510000
Finland	2018	57600000	4190000	5520000
Finland	2019	53000000	3500000	5520000
France	2000	514000000	14200000	58700000
France	2001	514000000	12400000	59000000
France	2002	508000000	12800000	59400000
France	2003	518000000	13600000	59700000
France	2004	539000000	12900000	60100000
France	2005	548000000	13400000	60500000
France	2006	548000000	12400000	60900000
France	2007	548000000	12800000	61300000
France	2008	542000000	12100000	61700000
France	2009	502000000	10800000	62100000
France	2010	501000000	11500000	62400000
France	2011	498000000	9770000	62800000
France	2012	478000000	11100000	63100000
France	2013	465000000	11600000	63300000
France	2014	434000000	8640000	63600000
France	2015	422000000	8380000	63800000
France	2016	429000000	8160000	64000000
France	2017	427000000	9270000	64100000
France	2018	425000000	8380000	64300000
France	2019	413000000	6440000	64400000
Germany	2000	1080000000	85300000	81600000
Germany	2001	1080000000	85500000	81500000
Germany	2002	1020000000	85700000	81400000
Germany	2003	1060000000	87200000	81300000
Germany	2004	1050000000	85000000	81300000
Germany	2005	1040000000	81300000	81200000
Germany	2006	1040000000	84500000	81200000
Germany	2007	1040000000	86700000	81200000
Germany	2008	1040000000	80100000	81200000
Germany	2009	970000000	71700000	81300000
Germany	2010	1020000000	77100000	81300000
Germany	2011	978000000	78300000	81400000
Germany	2012	914000000	80500000	81500000
Germany	2013	923000000	82800000	81700000
Germany	2014	901000000	79600000	81900000
Germany	2015	889000000	78700000	82100000
Germany	2016	907000000	76500000	82300000
Germany	2017	895000000	71900000	82600000
Germany	2018	880000000	69400000	82900000
Germany	2019	838000000	55000000	83100000
Greece	2000	104000000	9020000	11000000
Greece	2001	106000000	9330000	11100000
Greece	2002	109000000	8970000	11100000
Greece	2003	96600000	9020000	11100000
Greece	2004	93200000	9250000	11100000
Greece	2005	92900000	9120000	11100000
Greece	2006	95400000	8400000	11100000
Greece	2007	96500000	8860000	11100000
Greece	2008	96700000	8340000	11100000
Greece	2009	106000000	8430000	11100000
Greece	2010	91600000	7870000	11000000
Greece	2011	82100000	7900000	11000000
Greece	2012	74800000	8140000	11000000
Greece	2013	63600000	6990000	10900000
Greece	2014	60100000	6720000	10900000
Greece	2015	56300000	5630000	10800000
Greece	2016	57500000	4360000	10700000
Greece	2017	57400000	4800000	10700000
Greece	2018	58400000	4570000	10600000
Greece	2019	52900000	3310000	10600000
Hong Kong, China	2000	83900000	4340000	6730000
Hong Kong, China	2001	77100000	6850000	6800000
Hong Kong, China	2002	75300000	5330000	6850000
Hong Kong, China	2003	82900000	6760000	6890000
Hong Kong, China	2004	82100000	6310000	6920000
Hong Kong, China	2005	87800000	6870000	6940000
Hong Kong, China	2006	87200000	6860000	6960000
Hong Kong, China	2007	86300000	7480000	7000000
Hong Kong, China	2008	85700000	6850000	7050000
Hong Kong, China	2009	72000000	7160000	7090000
Hong Kong, China	2010	80200000	6230000	7130000
Hong Kong, China	2011	96900000	7410000	7180000
Hong Kong, China	2012	108000000	7290000	7230000
Hong Kong, China	2013	122000000	7770000	7300000
Hong Kong, China	2014	113000000	8140000	7350000
Hong Kong, China	2015	90600000	6700000	7400000
Hong Kong, China	2016	83600000	6700000	7440000
Hong Kong, China	2017	85400000	6270000	7460000
Hong Kong, China	2018	84800000	6270000	7480000
Hong Kong, China	2019	84100000	6170000	7500000
Hungary	2000	72700000	3870000	10200000
Hungary	2001	76300000	3680000	10200000
Hungary	2002	74700000	3550000	10100000
Hungary	2003	81000000	3630000	10100000
Hungary	2004	79200000	3440000	10100000
Hungary	2005	77700000	3060000	10100000
Hungary	2006	78300000	3070000	10100000
Hungary	2007	81700000	3120000	10000000
Hungary	2008	83000000	3030000	10000000
Hungary	2009	68800000	2560000	10000000
Hungary	2010	71800000	2690000	9990000
Hungary	2011	68900000	2710000	9950000
Hungary	2012	61500000	2610000	9920000
Hungary	2013	60300000	2290000	9890000
Hungary	2014	57500000	2260000	9870000
Hungary	2015	59000000	2340000	9840000
Hungary	2016	60300000	2190000	9820000
Hungary	2017	65400000	2240000	9790000
Hungary	2018	66700000	2120000	9780000
Hungary	2019	65000000	1880000	9770000
India	2000	901000000	164000000	1060000000
India	2001	908000000	166000000	1080000000
India	2002	923000000	173000000	1100000000
India	2003	976000000	181000000	1120000000
India	2004	1030000000	193000000	1140000000
India	2005	1090000000	211000000	1150000000
India	2006	1150000000	219000000	1170000000
India	2007	1260000000	240000000	1190000000
India	2008	1350000000	259000000	1210000000
India	2009	1520000000	281000000	1220000000
India	2010	1570000000	290000000	1240000000
India	2011	1630000000	305000000	1260000000
India	2012	1810000000	330000000	1270000000
India	2013	1810000000	353000000	1290000000
India	2014	1980000000	388000000	1310000000
India	2015	2110000000	395000000	1320000000
India	2016	2200000000	403000000	1340000000
India	2017	2280000000	417000000	1350000000
India	2018	2420000000	443000000	1370000000
India	2019	2450000000	445000000	1380000000
Indonesia	2000	235000000	13200000	214000000
Indonesia	2001	254000000	16700000	217000000
Indonesia	2002	275000000	17200000	220000000
Indonesia	2003	316000000	23100000	223000000
Indonesia	2004	322000000	21300000	226000000
Indonesia	2005	327000000	24400000	229000000
Indonesia	2006	328000000	28900000	232000000
Indonesia	2007	368000000	36200000	235000000
Indonesia	2008	368000000	31500000	238000000
Indonesia	2009	395000000	33200000	241000000
Indonesia	2010	448000000	39500000	244000000
Indonesia	2011	503000000	46900000	247000000
Indonesia	2012	535000000	53000000	250000000
Indonesia	2013	510000000	57000000	253000000
Indonesia	2014	508000000	45100000	256000000
Indonesia	2015	543000000	51100000	259000000
Indonesia	2016	557000000	53300000	262000000
Indonesia	2017	569000000	57200000	264000000
Indonesia	2018	610000000	67800000	267000000
Indonesia	2019	665000000	81400000	270000000
Iran	2000	292000000	1300000	65500000
Iran	2001	318000000	1280000	66700000
Iran	2002	304000000	1210000	67300000
Iran	2003	362000000	1310000	68000000
Iran	2004	385000000	1370000	69100000
Iran	2005	394000000	1560000	70200000
Iran	2006	431000000	1500000	71300000
Iran	2007	488000000	1570000	72300000
Iran	2008	513000000	1170000	73300000
Iran	2009	528000000	1360000	74300000
Iran	2010	487000000	1290000	75400000
Iran	2011	488000000	1430000	76300000
Iran	2012	542000000	1120000	77300000
Iran	2013	504000000	1430000	78500000
Iran	2014	544000000	1630000	80000000
Iran	2015	591000000	1560000	81800000
Iran	2016	550000000	1510000	83300000
Iran	2017	590000000	1650000	84500000
Iran	2018	591000000	1320000	85600000
Iran	2019	624000000	1240000	86600000
Ireland	2000	54100000	2620000	3770000
Ireland	2001	56300000	2740000	3830000
Ireland	2002	57700000	2630000	3890000
Ireland	2003	71800000	2550000	3960000
Ireland	2004	66300000	2380000	4030000
Ireland	2005	72200000	2650000	4120000
Ireland	2006	71700000	2390000	4230000
Ireland	2007	72300000	2330000	4360000
Ireland	2008	64900000	2280000	4450000
Ireland	2009	52500000	2000000	4500000
Ireland	2010	49800000	1990000	4520000
Ireland	2011	47600000	1950000	4540000
Ireland	2012	46500000	2260000	4560000
Ireland	2013	46300000	2050000	4590000
Ireland	2014	46900000	2010000	4620000
Ireland	2015	46200000	2190000	4670000
Ireland	2016	48700000	2110000	4720000
Ireland	2017	49500000	1790000	4770000
Ireland	2018	50200000	1410000	4830000
Ireland	2019	49700000	959000	4900000
Israel	2000	68300000	6250000	6120000
Israel	2001	69900000	7220000	6240000
Israel	2002	67700000	7630000	6360000
Israel	2003	76400000	7910000	6480000
Israel	2004	75900000	7990000	6600000
Israel	2005	73500000	7940000	6710000
Israel	2006	80600000	7850000	6830000
Israel	2007	80900000	8030000	6950000
Israel	2008	90800000	7900000	7070000
Israel	2009	79900000	7740000	7200000
Israel	2010	85200000	7730000	7330000
Israel	2011	87200000	7930000	7460000
Israel	2012	87800000	8810000	7590000
Israel	2013	79200000	7090000	7730000
Israel	2014	81500000	6590000	7860000
Israel	2015	80200000	6450000	8010000
Israel	2016	80400000	5510000	8160000
Israel	2017	77300000	5000000	8310000
Israel	2018	81900000	4710000	8460000
Israel	2019	79300000	5000000	8610000
Italy	2000	566000000	12500000	57000000
Italy	2001	557000000	13300000	57000000
Italy	2002	571000000	13700000	57100000
Italy	2003	586000000	14800000	57400000
Italy	2004	604000000	16600000	57900000
Italy	2005	613000000	16500000	58200000
Italy	2006	636000000	16700000	58400000
Italy	2007	624000000	16300000	58800000
Italy	2008	613000000	15800000	59200000
Italy	2009	562000000	12400000	59600000
Italy	2010	600000000	13700000	59800000
Italy	2011	578000000	15300000	60000000
Italy	2012	526000000	15700000	60200000
Italy	2013	489000000	13500000	60300000
Italy	2014	472000000	13200000	60300000
Italy	2015	453000000	12300000	60200000
Italy	2016	440000000	11000000	60100000
Italy	2017	444000000	9620000	60000000
Italy	2018	449000000	8820000	59900000
Italy	2019	432000000	7120000	59700000
Japan	2000	1540000000	95500000	127000000
Japan	2001	1500000000	97800000	127000000
Japan	2002	1490000000	104000000	127000000
Japan	2003	1520000000	107000000	128000000
Japan	2004	1530000000	110000000	128000000
Japan	2005	1540000000	115000000	128000000
Japan	2006	1510000000	113000000	128000000
Japan	2007	1520000000	118000000	128000000
Japan	2008	1500000000	122000000	128000000
Japan	2009	1390000000	102000000	128000000
Japan	2010	1440000000	116000000	128000000
Japan	2011	1520000000	110000000	128000000
Japan	2012	1580000000	116000000	128000000
Japan	2013	1530000000	121000000	128000000
Japan	2014	1440000000	119000000	127000000
Japan	2015	1350000000	120000000	127000000
Japan	2016	1330000000	120000000	127000000
Japan	2017	1300000000	122000000	127000000
Japan	2018	1270000000	119000000	126000000
Japan	2019	1240000000	117000000	126000000
Kazakhstan	2000	105000000	17800000	15200000
Kazakhstan	2001	118000000	22300000	15300000
Kazakhstan	2002	125000000	22600000	15300000
Kazakhstan	2003	123000000	24900000	15400000
Kazakhstan	2004	128000000	26600000	15500000
Kazakhstan	2005	139000000	26900000	15700000
Kazakhstan	2006	159000000	28300000	15800000
Kazakhstan	2007	171000000	31100000	16000000
Kazakhstan	2008	156000000	33800000	16200000
Kazakhstan	2009	151000000	30900000	16400000
Kazakhstan	2010	137000000	33400000	16600000
Kazakhstan	2011	124000000	36300000	16900000
Kazakhstan	2012	127000000	37900000	17100000
Kazakhstan	2013	151000000	37500000	17300000
Kazakhstan	2014	164000000	37000000	17600000
Kazakhstan	2015	207000000	34200000	17800000
Kazakhstan	2016	192000000	33900000	18100000
Kazakhstan	2017	200000000	36400000	18300000
Kazakhstan	2018	181000000	40700000	18500000
Kazakhstan	2019	171000000	39900000	18800000
Kuwait	2000	32800000	24.8	1930000
Kuwait	2001	38800000	65	1990000
Kuwait	2002	44200000	282	2050000
Kuwait	2003	50600000	93.6	2100000
Kuwait	2004	52200000	84.8	2150000
Kuwait	2005	65300000	0	2240000
Kuwait	2006	62800000	2330	2360000
Kuwait	2007	67000000	397	2510000
Kuwait	2008	71100000	672	2650000
Kuwait	2009	75600000	0	2800000
Kuwait	2010	77600000	3840	2940000
Kuwait	2011	75300000	13500	3140000
Kuwait	2012	79300000	0	3390000
Kuwait	2013	76400000	274000	3650000
Kuwait	2014	75300000	218000	3760000
Kuwait	2015	95300000	181000	3910000
Kuwait	2016	101000000	223000	4050000
Kuwait	2017	93300000	170000	4120000
Kuwait	2018	95700000	192000	4320000
Kuwait	2019	102000000	181000	4440000
Latvia	2000	14600000	132000	2390000
Latvia	2001	13700000	123000	2360000
Latvia	2002	13500000	99000	2330000
Latvia	2003	14500000	88800	2290000
Latvia	2004	13900000	67200	2260000
Latvia	2005	13300000	80900	2230000
Latvia	2006	15100000	86700	2200000
Latvia	2007	17700000	107000	2180000
Latvia	2008	16200000	106000	2150000
Latvia	2009	12000000	85700	2130000
Latvia	2010	13300000	109000	2100000
Latvia	2011	13400000	111000	2080000
Latvia	2012	13300000	88700	2050000
Latvia	2013	12700000	74900	2030000
Latvia	2014	11800000	59700	2010000
Latvia	2015	11900000	46200	1990000
Latvia	2016	12000000	41000	1970000
Latvia	2017	14300000	40000	1950000
Latvia	2018	16100000	48000	1940000
Latvia	2019	15400000	73000	1920000
Lithuania	2000	20100000	92300	3600000
Lithuania	2001	20000000	83800	3560000
Lithuania	2002	19300000	135000	3520000
Lithuania	2003	22500000	175000	3470000
Lithuania	2004	21500000	169000	3420000
Lithuania	2005	21500000	185000	3370000
Lithuania	2006	23100000	251000	3320000
Lithuania	2007	24400000	250000	3270000
Lithuania	2008	22600000	212000	3220000
Lithuania	2009	21200000	168000	3180000
Lithuania	2010	20600000	207000	3140000
Lithuania	2011	23600000	240000	3100000
Lithuania	2012	21300000	234000	3060000
Lithuania	2013	21100000	269000	3030000
Lithuania	2014	21300000	228000	2990000
Lithuania	2015	20500000	182000	2960000
Lithuania	2016	21500000	185000	2930000
Lithuania	2017	22500000	198000	2900000
Lithuania	2018	23100000	211000	2880000
Lithuania	2019	21900000	204000	2850000
Luxembourg	2000	8330000	110000	436000
Luxembourg	2001	8560000	118000	441000
Luxembourg	2002	9770000	73700	446000
Luxembourg	2003	11500000	56600	451000
Luxembourg	2004	13100000	79500	458000
Luxembourg	2005	14300000	77600	465000
Luxembourg	2006	14800000	92600	472000
Luxembourg	2007	11800000	78400	480000
Luxembourg	2008	15800000	74900	489000
Luxembourg	2009	9370000	66900	498000
Luxembourg	2010	10700000	67000	507000
Luxembourg	2011	12100000	58400	518000
Luxembourg	2012	12000000	53700	531000
Luxembourg	2013	11500000	47900	543000
Luxembourg	2014	11300000	53400	556000
Luxembourg	2015	10900000	49100	569000
Luxembourg	2016	9780000	52400	583000
Luxembourg	2017	9660000	45300	596000
Luxembourg	2018	9540000	42100	608000
Luxembourg	2019	9240000	55900	620000
Malaysia	2000	113000000	2480000	22900000
Malaysia	2001	119000000	2970000	23500000
Malaysia	2002	125000000	3640000	24100000
Malaysia	2003	127000000	5310000	24700000
Malaysia	2004	134000000	6630000	25300000
Malaysia	2005	142000000	6880000	25900000
Malaysia	2006	141000000	7290000	26500000
Malaysia	2007	151000000	8840000	27100000
Malaysia	2008	168000000	9780000	27700000
Malaysia	2009	158000000	10600000	28200000
Malaysia	2010	184000000	14800000	28700000
Malaysia	2011	193000000	14800000	29200000
Malaysia	2012	210000000	15900000	29700000
Malaysia	2013	239000000	15100000	30100000
Malaysia	2014	239000000	15300000	30600000
Malaysia	2015	227000000	17400000	31100000
Malaysia	2016	231000000	18700000	31500000
Malaysia	2017	228000000	20800000	32000000
Malaysia	2018	248000000	22100000	32400000
Malaysia	2019	249000000	21400000	32800000
Mexico	2000	440000000	6550000	97900000
Mexico	2001	448000000	7190000	99400000
Mexico	2002	451000000	12000000	101000000
Mexico	2003	450000000	8880000	102000000
Mexico	2004	468000000	9090000	104000000
Mexico	2005	488000000	11500000	105000000
Mexico	2006	501000000	12300000	107000000
Mexico	2007	497000000	11300000	108000000
Mexico	2008	515000000	10100000	110000000
Mexico	2009	495000000	10300000	111000000
Mexico	2010	498000000	12700000	113000000
Mexico	2011	535000000	14700000	114000000
Mexico	2012	546000000	12800000	116000000
Mexico	2013	554000000	12700000	117000000
Mexico	2014	546000000	12700000	119000000
Mexico	2015	537000000	12700000	120000000
Mexico	2016	526000000	12400000	122000000
Mexico	2017	514000000	15200000	123000000
Mexico	2018	523000000	13500000	124000000
Mexico	2019	514000000	12100000	125000000
Morocco	2000	37800000	2690000	28600000
Morocco	2001	40800000	3410000	28900000
Morocco	2002	42600000	3390000	29300000
Morocco	2003	39300000	3270000	29700000
Morocco	2004	45100000	3620000	30000000
Morocco	2005	46700000	3800000	30400000
Morocco	2006	49100000	3860000	30800000
Morocco	2007	53900000	3230000	31200000
Morocco	2008	59100000	3660000	31600000
Morocco	2009	56200000	2710000	32000000
Morocco	2010	58000000	2790000	32500000
Morocco	2011	61500000	2980000	32900000
Morocco	2012	62800000	3020000	33400000
Morocco	2013	62100000	3000000	33800000
Morocco	2014	61700000	4040000	34200000
Morocco	2015	61800000	4450000	34700000
Morocco	2016	63800000	4280000	35100000
Morocco	2017	65100000	4450000	35500000
Morocco	2018	66700000	5150000	35900000
Morocco	2019	69900000	6670000	36300000
Netherlands	2000	129000000	7760000	15900000
Netherlands	2001	126000000	8260000	16000000
Netherlands	2002	131000000	8310000	16100000
Netherlands	2003	181000000	8600000	16100000
Netherlands	2004	189000000	8480000	16200000
Netherlands	2005	218000000	8100000	16300000
Netherlands	2006	233000000	7710000	16300000
Netherlands	2007	198000000	8410000	16400000
Netherlands	2008	222000000	7950000	16500000
Netherlands	2009	194000000	7500000	16500000
Netherlands	2010	222000000	7550000	16600000
Netherlands	2011	210000000	7440000	16700000
Netherlands	2012	189000000	8180000	16800000
Netherlands	2013	189000000	8190000	16900000
Netherlands	2014	171000000	9050000	17000000
Netherlands	2015	169000000	11000000	17000000
Netherlands	2016	170000000	10200000	17100000
Netherlands	2017	168000000	9150000	17200000
Netherlands	2018	169000000	8210000	17300000
Netherlands	2019	166000000	6370000	17400000
New Zealand	2000	31900000	1110000	3860000
New Zealand	2001	33400000	1370000	3890000
New Zealand	2002	34100000	1370000	3950000
New Zealand	2003	37500000	1980000	4020000
New Zealand	2004	38800000	2040000	4080000
New Zealand	2005	41500000	2270000	4130000
New Zealand	2006	39700000	2240000	4180000
New Zealand	2007	40000000	1700000	4220000
New Zealand	2008	40400000	2100000	4260000
New Zealand	2009	35500000	1620000	4300000
New Zealand	2010	36200000	1380000	4350000
New Zealand	2011	36600000	1400000	4380000
New Zealand	2012	38700000	1740000	4410000
New Zealand	2013	39200000	1540000	4450000
New Zealand	2014	38900000	1420000	4510000
New Zealand	2015	38500000	1430000	4590000
New Zealand	2016	37900000	1190000	4670000
New Zealand	2017	38200000	1250000	4750000
New Zealand	2018	38600000	1300000	4840000
New Zealand	2019	39200000	1480000	4960000
Norway	2000	41400000	993000	4490000
Norway	2001	40500000	885000	4510000
Norway	2002	41800000	767000	4540000
Norway	2003	42100000	749000	4570000
Norway	2004	44800000	846000	4590000
Norway	2005	43900000	722000	4620000
Norway	2006	49500000	620000	4660000
Norway	2007	54600000	681000	4710000
Norway	2008	50800000	702000	4770000
Norway	2009	51300000	559000	4830000
Norway	2010	55200000	762000	4890000
Norway	2011	51000000	846000	4950000
Norway	2012	48100000	819000	5020000
Norway	2013	48700000	776000	5080000
Norway	2014	48300000	850000	5140000
Norway	2015	50300000	762000	5190000
Norway	2016	49300000	782000	5240000
Norway	2017	50000000	818000	5280000
Norway	2018	49500000	799000	5310000
Norway	2019	48800000	804000	5350000
Oman	2000	19300000	250	2340000
Oman	2001	20300000	141	2370000
Oman	2002	22600000	336	2400000
Oman	2003	32700000	0	2430000
Oman	2004	25700000	798	2470000
Oman	2005	25000000	314	2520000
Oman	2006	34300000	3080	2560000
Oman	2007	39800000	702	2610000
Oman	2008	43400000	1200	2650000
Oman	2009	44000000	1400	2700000
Oman	2010	42800000	29600	2880000
Oman	2011	45300000	10200	3210000
Oman	2012	50300000	30900	3540000
Oman	2013	52900000	44900	3820000
Oman	2014	59200000	35700	4010000
Oman	2015	65500000	49200	4190000
Oman	2016	68400000	55100	4400000
Oman	2017	68900000	76000	4540000
Oman	2018	62700000	74500	4600000
Oman	2019	55500000	164000	4600000
Pakistan	2000	109000000	2030000	154000000
Pakistan	2001	111000000	2100000	159000000
Pakistan	2002	120000000	2360000	163000000
Pakistan	2003	119000000	3000000	167000000
Pakistan	2004	140000000	3350000	171000000
Pakistan	2005	146000000	3720000	174000000
Pakistan	2006	156000000	3970000	178000000
Pakistan	2007	167000000	5430000	182000000
Pakistan	2008	167000000	5990000	186000000
Pakistan	2009	166000000	4930000	190000000
Pakistan	2010	165000000	4630000	194000000
Pakistan	2011	167000000	3990000	199000000
Pakistan	2012	170000000	4050000	202000000
Pakistan	2013	164000000	3210000	205000000
Pakistan	2014	172000000	4730000	208000000
Pakistan	2015	187000000	4650000	211000000
Pakistan	2016	219000000	5340000	214000000
Pakistan	2017	239000000	7150000	216000000
Pakistan	2018	226000000	11800000	220000000
Pakistan	2019	224000000	13100000	223000000
Peru	2000	32200000	630000	26700000
Peru	2001	29900000	571000	27000000
Peru	2002	30900000	782000	27300000
Peru	2003	29300000	840000	27600000
Peru	2004	33100000	908000	27900000
Peru	2005	37400000	921000	28100000
Peru	2006	32300000	784000	28400000
Peru	2007	39600000	1040000	28600000
Peru	2008	49900000	923000	28800000
Peru	2009	53000000	829000	29000000
Peru	2010	61700000	813000	29200000
Peru	2011	57600000	818000	29500000
Peru	2012	57800000	873000	29700000
Peru	2013	57300000	880000	30000000
Peru	2014	61500000	869000	30400000
Peru	2015	61600000	810000	30700000
Peru	2016	62200000	979000	31100000
Peru	2017	62400000	870000	31600000
Peru	2018	64400000	771000	32200000
Peru	2019	66600000	520000	32800000
Philippines	2000	90400000	4010000	78000000
Philippines	2001	90100000	4100000	79600000
Philippines	2002	89500000	3570000	81300000
Philippines	2003	90900000	3720000	82900000
Philippines	2004	93700000	4040000	84600000
Philippines	2005	93700000	4590000	86300000
Philippines	2006	83500000	5020000	87900000
Philippines	2007	90300000	5400000	89600000
Philippines	2008	99700000	6350000	91300000
Philippines	2009	93200000	6060000	92900000
Philippines	2010	102000000	7020000	94600000
Philippines	2011	109000000	7730000	96300000
Philippines	2012	118000000	8090000	98000000
Philippines	2013	129000000	10000000	99700000
Philippines	2014	135000000	10600000	101000000
Philippines	2015	143000000	11600000	103000000
Philippines	2016	155000000	13100000	105000000
Philippines	2017	167000000	15500000	107000000
Philippines	2018	175000000	16400000	109000000
Philippines	2019	177000000	17400000	110000000
Poland	2000	299000000	56200000	38500000
Poland	2001	294000000	55600000	38700000
Poland	2002	284000000	54500000	38600000
Poland	2003	284000000	56100000	38600000
Poland	2004	290000000	54500000	38600000
Poland	2005	288000000	55100000	38600000
Poland	2006	316000000	57400000	38500000
Poland	2007	324000000	55900000	38500000
Poland	2008	328000000	55200000	38500000
Poland	2009	309000000	51800000	38600000
Poland	2010	329000000	55100000	38600000
Poland	2011	325000000	55000000	38600000
Poland	2012	324000000	51200000	38600000
Poland	2013	310000000	53400000	38600000
Poland	2014	299000000	49400000	38600000
Poland	2015	308000000	48700000	38600000
Poland	2016	305000000	49500000	38500000
Poland	2017	318000000	49800000	38500000
Poland	2018	327000000	49800000	38500000
Poland	2019	308000000	45600000	38500000
Portugal	2000	110000000	3710000	10300000
Portugal	2001	113000000	3170000	10400000
Portugal	2002	114000000	3500000	10400000
Portugal	2003	112000000	3350000	10500000
Portugal	2004	110000000	3310000	10500000
Portugal	2005	128000000	3340000	10500000
Portugal	2006	114000000	3300000	10500000
Portugal	2007	115000000	2880000	10600000
Portugal	2008	115000000	2520000	10600000
Portugal	2009	95200000	2860000	10600000
Portugal	2010	95600000	1650000	10600000
Portugal	2011	62700000	2220000	10600000
Portugal	2012	51800000	2910000	10500000
Portugal	2013	49600000	2650000	10500000
Portugal	2014	48900000	2680000	10400000
Portugal	2015	51800000	3260000	10400000
Portugal	2016	54500000	2850000	10300000
Portugal	2017	58200000	3250000	10300000
Portugal	2018	55800000	2720000	10300000
Portugal	2019	52300000	1380000	10300000
Qatar	2000	15500000	0	646000
Qatar	2001	19500000	0	679000
Qatar	2002	22300000	0	713000
Qatar	2003	22800000	0	749000
Qatar	2004	23000000	0	778000
Qatar	2005	29900000	0	849000
Qatar	2006	30300000	0	1020000
Qatar	2007	36000000	0	1230000
Qatar	2008	36900000	0	1440000
Qatar	2009	49100000	0	1610000
Qatar	2010	43900000	0	1710000
Qatar	2011	35000000	0	1800000
Qatar	2012	44400000	0	1910000
Qatar	2013	47000000	0	2040000
Qatar	2014	56600000	0	2210000
Qatar	2015	67200000	0	2410000
Qatar	2016	71000000	0	2600000
Qatar	2017	72200000	0	2710000
Qatar	2018	67900000	0	2770000
Qatar	2019	73500000	0	2810000
Romania	2000	89000000	7350000	21900000
Romania	2001	95100000	7610000	21800000
Romania	2002	94600000	8190000	21700000
Romania	2003	96200000	9170000	21500000
Romania	2004	97300000	9010000	21300000
Romania	2005	99000000	8600000	21100000
Romania	2006	104000000	9740000	20900000
Romania	2007	112000000	9820000	20700000
Romania	2008	115000000	9450000	20600000
Romania	2009	91300000	7530000	20500000
Romania	2010	92200000	7040000	20300000
Romania	2011	94000000	8210000	20200000
Romania	2012	90900000	7570000	20100000
Romania	2013	79200000	5880000	20100000
Romania	2014	81300000	5810000	20000000
Romania	2015	79300000	6030000	19900000
Romania	2016	81300000	5360000	19800000
Romania	2017	85200000	5370000	19700000
Romania	2018	88300000	5130000	19600000
Romania	2019	85000000	4580000	19500000
Russia	2000	990000000	106000000	147000000
Russia	2001	1110000000	103000000	146000000
Russia	2002	1110000000	104000000	146000000
Russia	2003	1150000000	104000000	145000000
Russia	2004	1180000000	99900000	144000000
Russia	2005	1190000000	94600000	144000000
Russia	2006	1230000000	97000000	143000000
Russia	2007	1300000000	93900000	143000000
Russia	2008	1330000000	101000000	143000000
Russia	2009	1280000000	92200000	143000000
Russia	2010	1350000000	90500000	143000000
Russia	2011	1410000000	94000000	143000000
Russia	2012	1460000000	98400000	144000000
Russia	2013	1420000000	90500000	144000000
Russia	2014	1380000000	87600000	144000000
Russia	2015	1310000000	92100000	145000000
Russia	2016	1350000000	89300000	145000000
Russia	2017	1390000000	83900000	145000000
Russia	2018	1350000000	86700000	146000000
Russia	2019	1370000000	86700000	146000000
Saudi Arabia	2000	204000000	0	21500000
Saudi Arabia	2001	217000000	7890	22100000
Saudi Arabia	2002	231000000	12400	22600000
Saudi Arabia	2003	300000000	15800	23200000
Saudi Arabia	2004	351000000	14100	23700000
Saudi Arabia	2005	349000000	28000	24400000
Saudi Arabia	2006	393000000	19800	25400000
Saudi Arabia	2007	368000000	55500	26400000
Saudi Arabia	2008	413000000	64200	27400000
Saudi Arabia	2009	468000000	23500	28500000
Saudi Arabia	2010	513000000	67600	29400000
Saudi Arabia	2011	495000000	64100	30200000
Saudi Arabia	2012	546000000	73800	30800000
Saudi Arabia	2013	534000000	96000	31500000
Saudi Arabia	2014	607000000	166000	32100000
Saudi Arabia	2015	696000000	132000	32700000
Saudi Arabia	2016	645000000	88500	33400000
Saudi Arabia	2017	629000000	118000	34200000
Saudi Arabia	2018	598000000	102000	35000000
Saudi Arabia	2019	633000000	102000	35800000
Singapore	2000	125000000	0	4050000
Singapore	2001	110000000	0	4120000
Singapore	2002	110000000	6730	4180000
Singapore	2003	103000000	8760	4230000
Singapore	2004	121000000	6920	4270000
Singapore	2005	133000000	8400	4340000
Singapore	2006	144000000	5000	4490000
Singapore	2007	134000000	8100	4660000
Singapore	2008	198000000	4900	4840000
Singapore	2009	105000000	4000	5010000
Singapore	2010	112000000	7800	5160000
Singapore	2011	220000000	6400	5280000
Singapore	2012	245000000	24900	5380000
Singapore	2013	260000000	264000	5480000
Singapore	2014	189000000	389000	5570000
Singapore	2015	164000000	406000	5650000
Singapore	2016	150000000	426000	5710000
Singapore	2017	155000000	898000	5760000
Singapore	2018	163000000	477000	5810000
Singapore	2019	159000000	625000	5870000
Slovak Republic	2000	46000000	4280000	5380000
Slovak Republic	2001	48100000	4420000	5380000
Slovak Republic	2002	45500000	4280000	5380000
Slovak Republic	2003	43700000	4640000	5370000
Slovak Republic	2004	45900000	4550000	5370000
Slovak Republic	2005	42600000	4220000	5380000
Slovak Republic	2006	44900000	4400000	5380000
Slovak Republic	2007	48300000	3940000	5380000
Slovak Republic	2008	51600000	3930000	5380000
Slovak Republic	2009	48400000	3830000	5390000
Slovak Republic	2010	50800000	3850000	5400000
Slovak Republic	2011	48800000	3650000	5400000
Slovak Republic	2012	43100000	3440000	5410000
Slovak Republic	2013	43000000	3420000	5410000
Slovak Republic	2014	39400000	3360000	5420000
Slovak Republic	2015	40100000	3240000	5420000
Slovak Republic	2016	40500000	3200000	5430000
Slovak Republic	2017	40800000	3340000	5440000
Slovak Republic	2018	42000000	3320000	5450000
Slovak Republic	2019	40100000	2730000	5450000
Slovenia	2000	19000000	1360000	1980000
Slovenia	2001	20100000	1440000	1980000
Slovenia	2002	19400000	1570000	1980000
Slovenia	2003	18800000	1490000	1990000
Slovenia	2004	19100000	1510000	2000000
Slovenia	2005	18900000	1520000	2000000
Slovenia	2006	20800000	1550000	2010000
Slovenia	2007	22700000	1570000	2020000
Slovenia	2008	23200000	1520000	2030000
Slovenia	2009	19300000	1410000	2050000
Slovenia	2010	19800000	1440000	2060000
Slovenia	2011	21300000	1460000	2070000
Slovenia	2012	18800000	1380000	2070000
Slovenia	2013	18000000	1330000	2070000
Slovenia	2014	17500000	1050000	2070000
Slovenia	2015	17500000	1060000	2080000
Slovenia	2016	18300000	1140000	2090000
Slovenia	2017	19800000	1130000	2100000
Slovenia	2018	21100000	1100000	2110000
Slovenia	2019	20500000	1030000	2110000
South Africa	2000	273000000	74600000	46800000
South Africa	2001	259000000	74900000	47200000
South Africa	2002	241000000	71200000	47700000
South Africa	2003	265000000	79200000	48100000
South Africa	2004	308000000	86800000	48600000
South Africa	2005	286000000	80000000	49000000
South Africa	2006	319000000	81500000	49500000
South Africa	2007	325000000	83700000	50000000
South Africa	2008	323000000	93300000	50600000
South Africa	2009	331000000	93800000	51200000
South Africa	2010	321000000	92800000	51800000
South Africa	2011	318000000	90500000	52400000
South Africa	2012	340000000	88300000	53100000
South Africa	2013	334000000	88400000	53900000
South Africa	2014	334000000	89500000	54700000
South Africa	2015	322000000	84000000	55900000
South Africa	2016	320000000	90300000	56400000
South Africa	2017	314000000	88800000	56600000
South Africa	2018	311000000	89800000	57300000
South Africa	2019	330000000	91100000	58100000
South Korea	2000	480000000	42900000	46800000
South Korea	2001	480000000	45700000	47100000
South Korea	2002	521000000	49100000	47300000
South Korea	2003	538000000	51100000	47500000
South Korea	2004	549000000	53200000	47700000
South Korea	2005	577000000	54800000	47900000
South Korea	2006	604000000	56700000	48000000
South Korea	2007	630000000	59700000	48200000
South Korea	2008	635000000	66100000	48400000
South Korea	2009	571000000	68600000	48600000
South Korea	2010	647000000	77100000	48800000
South Korea	2011	671000000	83700000	49200000
South Korea	2012	653000000	80600000	49600000
South Korea	2013	654000000	81500000	50100000
South Korea	2014	670000000	84400000	50600000
South Korea	2015	664000000	85400000	51000000
South Korea	2016	652000000	81500000	51300000
South Korea	2017	687000000	86200000	51500000
South Korea	2018	719000000	86700000	51700000
South Korea	2019	704000000	82100000	51800000
Spain	2000	330000000	20900000	40700000
Spain	2001	333000000	19200000	41000000
Spain	2002	357000000	21600000	41500000
Spain	2003	356000000	20100000	42200000
Spain	2004	383000000	21000000	43000000
Spain	2005	409000000	20500000	43700000
Spain	2006	414000000	17900000	44400000
Spain	2007	427000000	20000000	45200000
Spain	2008	392000000	13500000	46000000
Spain	2009	344000000	9430000	46400000
Spain	2010	326000000	6900000	46600000
Spain	2011	319000000	12800000	46700000
Spain	2012	295000000	15500000	46800000
Spain	2013	275000000	11400000	46600000
Spain	2014	281000000	11600000	46500000
Spain	2015	282000000	13700000	46400000
Spain	2016	274000000	10500000	46500000
Spain	2017	294000000	13400000	46600000
Spain	2018	297000000	11100000	46800000
Spain	2019	282000000	5020000	47100000
Sri Lanka	2000	18400000	340	18800000
Sri Lanka	2001	19000000	88.1	18900000
Sri Lanka	2002	20900000	10900	19100000
Sri Lanka	2003	17600000	59700	19300000
Sri Lanka	2004	20000000	15700	19500000
Sri Lanka	2005	20300000	58400	19700000
Sri Lanka	2006	20800000	43800	19900000
Sri Lanka	2007	19300000	42800	20100000
Sri Lanka	2008	20700000	57600	20300000
Sri Lanka	2009	19100000	58700	20500000
Sri Lanka	2010	22200000	59900	20700000
Sri Lanka	2011	29700000	299000	20900000
Sri Lanka	2012	29600000	456000	21000000
Sri Lanka	2013	30600000	480000	21100000
Sri Lanka	2014	32300000	921000	21200000
Sri Lanka	2015	34800000	1240000	21300000
Sri Lanka	2016	38500000	1310000	21400000
Sri Lanka	2017	36900000	1360000	21500000
Sri Lanka	2018	36200000	1370000	21600000
Sri Lanka	2019	36800000	1510000	21600000
Sweden	2000	85300000	2570000	8870000
Sweden	2001	79500000	2780000	8900000
Sweden	2002	81600000	2990000	8930000
Sweden	2003	87500000	2930000	8960000
Sweden	2004	87100000	3010000	9000000
Sweden	2005	91000000	2750000	9050000
Sweden	2006	92200000	3040000	9100000
Sweden	2007	91500000	2830000	9160000
Sweden	2008	89700000	2830000	9230000
Sweden	2009	77000000	2000000	9300000
Sweden	2010	85800000	2750000	9380000
Sweden	2011	84000000	2460000	9470000
Sweden	2012	77200000	2110000	9560000
Sweden	2013	73900000	2150000	9650000
Sweden	2014	72900000	2020000	9750000
Sweden	2015	71300000	2020000	9850000
Sweden	2016	71000000	1980000	9950000
Sweden	2017	72200000	1980000	10100000
Sweden	2018	72400000	1980000	10200000
Sweden	2019	68500000	2020000	10300000
Switzerland	2000	88400000	138000	7180000
Switzerland	2001	106000000	144000	7220000
Switzerland	2002	96600000	133000	7280000
Switzerland	2003	94800000	136000	7330000
Switzerland	2004	99100000	129000	7380000
Switzerland	2005	108000000	144000	7430000
Switzerland	2006	117000000	156000	7480000
Switzerland	2007	107000000	174000	7540000
Switzerland	2008	106000000	157000	7640000
Switzerland	2009	104000000	148000	7730000
Switzerland	2010	101000000	148000	7820000
Switzerland	2011	104000000	137000	7910000
Switzerland	2012	150000000	123000	8000000
Switzerland	2013	141000000	133000	8090000
Switzerland	2014	139000000	136000	8190000
Switzerland	2015	143000000	124000	8280000
Switzerland	2016	162000000	114000	8370000
Switzerland	2017	128000000	110000	8450000
Switzerland	2018	124000000	102000	8510000
Switzerland	2019	120000000	102000	8580000
Taiwan	2000	276000000	27500000	22200000
Taiwan	2001	252000000	28900000	22300000
Taiwan	2002	259000000	31400000	22500000
Taiwan	2003	266000000	33900000	22600000
Taiwan	2004	306000000	34900000	22700000
Taiwan	2005	300000000	36100000	22800000
Taiwan	2006	305000000	37800000	22900000
Taiwan	2007	288000000	39300000	22900000
Taiwan	2008	281000000	37600000	23000000
Taiwan	2009	242000000	36000000	23000000
Taiwan	2010	292000000	38100000	23100000
Taiwan	2011	303000000	39900000	23100000
Taiwan	2012	282000000	39300000	23200000
Taiwan	2013	289000000	40400000	23300000
Taiwan	2014	293000000	40800000	23400000
Taiwan	2015	276000000	39200000	23500000
Taiwan	2016	279000000	39800000	23600000
Taiwan	2017	288000000	40600000	23700000
Taiwan	2018	291000000	40600000	23700000
Taiwan	2019	289000000	38900000	23800000
Thailand	2000	153000000	7880000	63100000
Thailand	2001	165000000	8780000	63600000
Thailand	2002	180000000	9370000	64200000
Thailand	2003	186000000	9570000	64800000
Thailand	2004	203000000	10700000	65300000
Thailand	2005	216000000	11600000	65800000
Thailand	2006	216000000	12400000	66300000
Thailand	2007	219000000	13900000	66800000
Thailand	2008	227000000	15000000	67300000
Thailand	2009	233000000	15000000	67800000
Thailand	2010	259000000	15400000	68300000
Thailand	2011	260000000	15700000	68700000
Thailand	2012	268000000	16500000	69200000
Thailand	2013	281000000	16200000	69600000
Thailand	2014	260000000	17900000	70000000
Thailand	2015	259000000	17500000	70300000
Thailand	2016	256000000	17900000	70600000
Thailand	2017	262000000	18000000	70900000
Thailand	2018	267000000	19100000	71100000
Thailand	2019	274000000	17100000	71300000
Trinidad and Tobago	2000	10100000	0	1330000
Trinidad and Tobago	2001	12100000	0	1340000
Trinidad and Tobago	2002	14800000	0	1350000
Trinidad and Tobago	2003	16700000	0	1350000
Trinidad and Tobago	2004	16300000	0	1360000
Trinidad and Tobago	2005	15000000	0	1370000
Trinidad and Tobago	2006	13200000	0	1380000
Trinidad and Tobago	2007	19200000	0	1380000
Trinidad and Tobago	2008	18500000	0	1390000
Trinidad and Tobago	2009	24700000	0	1400000
Trinidad and Tobago	2010	24700000	0	1410000
Trinidad and Tobago	2011	18600000	0	1420000
Trinidad and Tobago	2012	14900000	0	1430000
Trinidad and Tobago	2013	14800000	0	1440000
Trinidad and Tobago	2014	19100000	0	1450000
Trinidad and Tobago	2015	22800000	0	1460000
Trinidad and Tobago	2016	27700000	0	1470000
Trinidad and Tobago	2017	24100000	0	1480000
Trinidad and Tobago	2018	22900000	0	1500000
Trinidad and Tobago	2019	25800000	0	1520000
Turkey	2000	251000000	22500000	64100000
Turkey	2001	201000000	18500000	65100000
Turkey	2002	221000000	19300000	66000000
Turkey	2003	244000000	20800000	66900000
Turkey	2004	276000000	22100000	67800000
Turkey	2005	301000000	22200000	68700000
Turkey	2006	325000000	26200000	69600000
Turkey	2007	361000000	29500000	70500000
Turkey	2008	348000000	29600000	71300000
Turkey	2009	323000000	30900000	72200000
Turkey	2010	350000000	31400000	73200000
Turkey	2011	384000000	33900000	74200000
Turkey	2012	396000000	36500000	75300000
Turkey	2013	385000000	31600000	76600000
Turkey	2014	397000000	36100000	78100000
Turkey	2015	410000000	34700000	79600000
Turkey	2016	417000000	38500000	81000000
Turkey	2017	440000000	39500000	82100000
Turkey	2018	425000000	40900000	82800000
Turkey	2019	393000000	40500000	83500000
UAE	2000	92600000	0	3280000
UAE	2001	96200000	18500	3450000
UAE	2002	95100000	94300	3630000
UAE	2003	123000000	111000	3810000
UAE	2004	131000000	126000	3990000
UAE	2005	143000000	145000	4280000
UAE	2006	170000000	282000	4900000
UAE	2007	188000000	136000	5870000
UAE	2008	218000000	343000	6990000
UAE	2009	200000000	274000	7990000
UAE	2010	202000000	658000	8480000
UAE	2011	217000000	445000	8580000
UAE	2012	227000000	1380000	8660000
UAE	2013	236000000	1770000	8750000
UAE	2014	237000000	1970000	8840000
UAE	2015	241000000	1710000	8920000
UAE	2016	240000000	1840000	8990000
UAE	2017	216000000	2130000	9070000
UAE	2018	214000000	2410000	9140000
UAE	2019	196000000	2460000	9210000
UK	2000	743000000	36700000	58900000
UK	2001	724000000	38900000	59100000
UK	2002	733000000	35700000	59400000
UK	2003	746000000	38100000	59600000
UK	2004	758000000	36600000	60000000
UK	2005	747000000	37400000	60400000
UK	2006	752000000	40900000	60800000
UK	2007	750000000	38400000	61300000
UK	2008	719000000	35600000	61700000
UK	2009	628000000	29800000	62200000
UK	2010	676000000	30900000	62800000
UK	2011	611000000	31400000	63300000
UK	2012	635000000	39000000	63800000
UK	2013	617000000	37000000	64300000
UK	2014	595000000	29800000	64800000
UK	2015	588000000	23100000	65200000
UK	2016	572000000	11100000	65700000
UK	2017	545000000	9060000	66100000
UK	2018	533000000	7580000	66400000
UK	2019	511000000	6260000	66800000
Ukraine	2000	220000000	38500000	48900000
Ukraine	2001	254000000	37500000	48400000
Ukraine	2002	248000000	37800000	48000000
Ukraine	2003	235000000	38800000	47600000
Ukraine	2004	224000000	36900000	47300000
Ukraine	2005	249000000	37300000	46900000
Ukraine	2006	264000000	40100000	46600000
Ukraine	2007	291000000	42700000	46300000
Ukraine	2008	297000000	41800000	46100000
Ukraine	2009	249000000	35900000	45900000
Ukraine	2010	247000000	38300000	45700000
Ukraine	2011	267000000	41500000	45500000
Ukraine	2012	271000000	42700000	45400000
Ukraine	2013	272000000	41400000	45300000
Ukraine	2014	224000000	35600000	45100000
Ukraine	2015	186000000	27300000	45000000
Ukraine	2016	179000000	32500000	44800000
Ukraine	2017	181000000	25800000	44700000
Ukraine	2018	212000000	27600000	44400000
Ukraine	2019	207000000	26400000	44200000
USA	2000	6210000000	541000000	282000000
USA	2001	6140000000	525000000	285000000
USA	2002	6260000000	524000000	288000000
USA	2003	6450000000	534000000	291000000
USA	2004	6590000000	538000000	294000000
USA	2005	6690000000	546000000	297000000
USA	2006	6680000000	537000000	300000000
USA	2007	6620000000	545000000	303000000
USA	2008	6290000000	536000000	306000000
USA	2009	5750000000	471000000	309000000
USA	2010	5940000000	499000000	311000000
USA	2011	5790000000	471000000	314000000
USA	2012	5630000000	416000000	317000000
USA	2013	5710000000	432000000	319000000
USA	2014	5810000000	431000000	322000000
USA	2015	5760000000	372000000	325000000
USA	2016	5630000000	341000000	327000000
USA	2017	5600000000	331000000	330000000
USA	2018	5770000000	317000000	332000000
USA	2019	5660000000	271000000	334000000
Venezuela	2000	76300000	132000	24400000
Venezuela	2001	107000000	48900	24900000
Venezuela	2002	93700000	18200	25300000
Venezuela	2003	128000000	43100	25800000
Venezuela	2004	98500000	0	26200000
Venezuela	2005	102000000	37200	26700000
Venezuela	2006	92700000	247000	27100000
Venezuela	2007	97500000	139000	27500000
Venezuela	2008	109000000	141000	27900000
Venezuela	2009	141000000	237000	28300000
Venezuela	2010	130000000	199000	28700000
Venezuela	2011	120000000	205000	29100000
Venezuela	2012	88000000	211000	29500000
Venezuela	2013	106000000	210000	29800000
Venezuela	2014	149000000	197000	30200000
Venezuela	2015	88200000	137000	30500000
Venezuela	2016	70400000	123000	30700000
Venezuela	2017	65500000	127000	30600000
Venezuela	2018	32200000	115000	29800000
Venezuela	2019	5730000	75500	29000000
Vietnam	2000	36900000	4690000	79000000
Vietnam	2001	42000000	5120000	79800000
Vietnam	2002	47800000	5850000	80600000
Vietnam	2003	59800000	6810000	81500000
Vietnam	2004	68300000	8930000	82300000
Vietnam	2005	73000000	9350000	83100000
Vietnam	2006	75000000	5730000	84000000
Vietnam	2007	78000000	6270000	84800000
Vietnam	2008	88200000	11900000	85600000
Vietnam	2009	94300000	11200000	86500000
Vietnam	2010	101000000	14600000	87400000
Vietnam	2011	106000000	17300000	88300000
Vietnam	2012	103000000	16100000	89300000
Vietnam	2013	107000000	17200000	90300000
Vietnam	2014	127000000	20800000	91200000
Vietnam	2015	148000000	26200000	92200000
Vietnam	2016	152000000	28400000	93100000
Vietnam	2017	150000000	28400000	94000000
Vietnam	2018	172000000	38000000	94900000
Vietnam	2019	209000000	49400000	95800000